d,repeticion,duracion_s,intentos_totales,ganador
3,1,0.023517416999766283,2235,Nodo 1
3,2,0.12473611500035986,13933,Nodo 2
3,3,0.18268352799987042,22214,Nodo 0
3,4,0.001452022999728797,167,Nodo 3
3,5,0.005014593999931094,677,Nodo 3
3,6,0.05921917600016968,7411,Nodo 1
3,7,0.0006442200001401943,59,Nodo 3
3,8,0.019970759999978327,2786,Nodo 0
3,9,0.017421218999970733,2485,Nodo 0
3,10,0.009991136000280676,1356,Nodo 2
3,11,0.03590396100025828,4914,Nodo 1
3,12,0.002943578000213165,408,Nodo 2
3,13,0.026391273000172077,3657,Nodo 3
3,14,0.06109451200018157,7896,Nodo 0
3,15,0.015360744000190607,2005,Nodo 0
3,16,0.023159572000167827,3009,Nodo 3
3,17,0.001532388999748946,184,Nodo 1
3,18,0.04706009300025471,6039,Nodo 0
3,19,0.07029481800009307,9064,Nodo 0
3,20,0.1067494879998776,14244,Nodo 0
3,21,0.01585990800003856,2028,Nodo 3
3,22,0.032774633999906655,4416,Nodo 2
3,23,0.11299517099996592,14928,Nodo 2
3,24,0.017405390000021725,2257,Nodo 1
3,25,0.04040608500008602,5217,Nodo 1
3,26,0.01336284999979398,1741,Nodo 1
3,27,0.02620424599990656,3362,Nodo 2
3,28,0.03807313300012538,4859,Nodo 1
3,29,0.005111129999932018,647,Nodo 0
3,30,0.0009188330000142741,83,Nodo 1
3,31,0.008175582000149006,1047,Nodo 3
3,32,0.0016545500002393965,209,Nodo 3
3,33,0.03010233099985271,3760,Nodo 0
3,34,0.031832664999910776,3979,Nodo 3
3,35,0.004181044999768346,535,Nodo 1
3,36,0.0551334990000214,7156,Nodo 2
3,37,0.013034263999998075,1734,Nodo 0
3,38,0.00868076500000825,1173,Nodo 3
3,39,0.0007514279996030382,57,Nodo 3
3,40,0.006681768000362354,860,Nodo 2
3,41,0.0714346349996049,9335,Nodo 1
3,42,0.03734724800006006,4823,Nodo 1
3,43,0.0026610479999362724,331,Nodo 3
3,44,0.02117276499984655,2582,Nodo 3
3,45,0.03264594600022974,3883,Nodo 3
3,46,0.04775334300029499,5971,Nodo 3
3,47,0.032528560000173457,4223,Nodo 0
3,48,0.016788007000286598,2201,Nodo 1
3,49,0.0340462489998572,4505,Nodo 0
3,50,0.018431870999847888,2435,Nodo 3
3,51,0.036468726999828505,4785,Nodo 3
3,52,0.04693218100010199,6308,Nodo 1
3,53,0.04265333200009991,5763,Nodo 2
3,54,0.017887008999878162,2368,Nodo 2
3,55,0.08033208799997738,9934,Nodo 0
3,56,0.003087913999934244,352,Nodo 0
3,57,0.0848038990002351,9978,Nodo 1
3,58,0.020137950000389537,2643,Nodo 0
3,59,0.00911842000004981,1175,Nodo 1
3,60,0.001055274999998801,106,Nodo 1
3,61,0.05301888999974835,7004,Nodo 0
3,62,0.010673615000087011,1392,Nodo 2
3,63,0.057804317000318406,7564,Nodo 0
3,64,0.015997620000234747,2114,Nodo 3
3,65,0.06210161400031211,8341,Nodo 0
3,66,0.009440163999897777,1236,Nodo 1
3,67,0.0037607280000884202,471,Nodo 0
3,68,0.02997783899991191,3736,Nodo 0
3,69,0.02550788000007742,3354,Nodo 3
3,70,0.006374788999892189,852,Nodo 3
3,71,0.02578198399987741,3423,Nodo 1
3,72,0.1239598100000876,16065,Nodo 3
3,73,0.01173454199988555,1493,Nodo 1
3,74,0.009686051000244333,1243,Nodo 2
3,75,0.027247664999777044,3149,Nodo 0
3,76,0.00940463799997815,1108,Nodo 2
3,77,0.004607412000041222,584,Nodo 1
3,78,0.023907240999960777,2918,Nodo 0
3,79,0.01975027099979343,2563,Nodo 2
3,80,0.04148512500023571,5503,Nodo 0
3,81,0.00048670400019545923,45,Nodo 2
3,82,0.11904162900009396,15203,Nodo 3
3,83,0.0035273530002086773,409,Nodo 0
3,84,0.03322696099985478,4240,Nodo 3
3,85,0.10588534399994387,13889,Nodo 0
3,86,0.025326468999992358,3361,Nodo 1
3,87,0.048625508999975864,6297,Nodo 1
3,88,0.019388165999771445,2530,Nodo 1
3,89,0.06335325300005934,8513,Nodo 2
3,90,0.04825775000017529,6608,Nodo 3
3,91,0.004061093000018445,562,Nodo 3
3,92,0.01407254199966701,1966,Nodo 0
3,93,0.012980880999748479,1732,Nodo 0
3,94,0.026955610000186425,3579,Nodo 1
3,95,0.0557840890000989,6972,Nodo 2
3,96,0.0017730949998622236,219,Nodo 0
3,97,0.08087415299996792,10451,Nodo 1
3,98,0.033369565999691986,4312,Nodo 1
3,99,0.08304237099991951,10754,Nodo 3
3,100,0.005673941999702947,708,Nodo 3
3,101,0.020219275999806996,2664,Nodo 3
3,102,0.00431992599988007,538,Nodo 3
3,103,0.01184906599974056,1491,Nodo 0
3,104,0.03027229899998929,3990,Nodo 1
3,105,0.003361015999871597,444,Nodo 2
3,106,0.009859731000233296,1320,Nodo 3
3,107,0.023821150999992824,3156,Nodo 0
3,108,0.008535695999853488,1162,Nodo 1
3,109,0.03395610699999452,4477,Nodo 2
3,110,0.019433634999586502,2603,Nodo 0
3,111,0.018195783000010124,2456,Nodo 1
3,112,0.006624223000017082,898,Nodo 1
3,113,0.04320259800033455,5654,Nodo 0
3,114,0.017507543999727204,2149,Nodo 1
3,115,0.02192433100026392,2963,Nodo 2
3,116,0.004050392999943142,545,Nodo 3
3,117,0.025377069000114716,3509,Nodo 1
3,118,0.022886036000272725,3104,Nodo 0
3,119,0.009290687999964575,1233,Nodo 0
3,120,0.16111713100008274,21808,Nodo 2
3,121,0.01844437600038873,2613,Nodo 0
3,122,0.01006905399981406,1292,Nodo 3
3,123,0.007405186999676516,993,Nodo 2
3,124,0.0027070420001109596,352,Nodo 3
3,125,0.011329926000144042,1573,Nodo 3
3,126,0.029411162000087643,4046,Nodo 1
3,127,0.019786491000104434,2763,Nodo 1
3,128,0.10665006799990806,13703,Nodo 2
3,129,0.005502303999946889,683,Nodo 2
3,130,0.0717518490000657,9017,Nodo 1
3,131,0.04065499099988301,5261,Nodo 2
3,132,0.002182745000027353,254,Nodo 2
3,133,0.006888465999963955,879,Nodo 3
3,134,0.0011608830000113812,118,Nodo 1
3,135,0.009249377000287495,1153,Nodo 2
3,136,0.04007636200003617,5264,Nodo 3
3,137,0.005118210000091494,654,Nodo 2
3,138,0.04932610299965745,6684,Nodo 1
3,139,0.0042378919997645426,553,Nodo 2
3,140,0.03490682999972705,4773,Nodo 2
3,141,0.0615075099999558,8068,Nodo 1
3,142,0.029283868000220536,3955,Nodo 1
3,143,0.08513522500015824,11462,Nodo 2
3,144,0.027928330000122514,3742,Nodo 1
3,145,0.02155744699985007,2843,Nodo 0
3,146,0.02362545999994836,3009,Nodo 3
3,147,0.01556875799997215,2109,Nodo 1
3,148,0.005442273999960889,743,Nodo 3
3,149,0.017836813000030816,2539,Nodo 1
3,150,0.052041215000372176,7516,Nodo 0
3,151,0.012435898000148882,1711,Nodo 2
3,152,0.018820905000211496,2777,Nodo 2
3,153,0.0951717309999367,13359,Nodo 0
3,154,0.001567706000059843,195,Nodo 0
3,155,0.0037821129999429104,504,Nodo 1
3,156,0.0076118420001876075,1054,Nodo 1
3,157,0.09652809499993964,13142,Nodo 0
3,158,0.031061697000041022,4104,Nodo 2
3,159,0.03863305599998057,5043,Nodo 3
3,160,0.026856055999815,3578,Nodo 2
3,161,0.04095327499999257,5716,Nodo 1
3,162,0.0007436230002895172,67,Nodo 3
3,163,0.016320932999860815,2275,Nodo 2
3,164,0.08008381699983147,10993,Nodo 3
3,165,0.0025892270000440476,317,Nodo 2
3,166,0.03268535000006523,4269,Nodo 0
3,167,0.05942198599996118,8492,Nodo 2
3,168,0.016156706000401755,2128,Nodo 0
3,169,0.036844960000053106,5264,Nodo 3
3,170,0.03063050899982045,4420,Nodo 1
3,171,0.021718657000292296,3297,Nodo 0
3,172,0.03361399999994319,4854,Nodo 0
3,173,0.05386395499999708,7455,Nodo 2
3,174,0.002559692999966501,345,Nodo 2
3,175,0.0059594770000330755,789,Nodo 1
3,176,0.0029987779998918995,415,Nodo 2
3,177,0.011476551999749063,1615,Nodo 1
3,178,0.005402854999829287,729,Nodo 0
3,179,0.012250634999873,1720,Nodo 1
3,180,0.030775358000028064,4295,Nodo 2
3,181,0.01404300800004421,1888,Nodo 1
3,182,0.027150652000273112,3462,Nodo 2
3,183,0.002491763999842078,320,Nodo 2
3,184,0.011268262000157847,1550,Nodo 1
3,185,0.08553973699963535,11574,Nodo 3
3,186,0.027770142999997915,3798,Nodo 0
3,187,0.007382651000170881,1001,Nodo 2
3,188,0.001228227999945375,151,Nodo 3
3,189,0.017950608999854012,2587,Nodo 1
3,190,0.0469043020002573,6346,Nodo 3
3,191,0.009064791000128025,1252,Nodo 0
3,192,0.006373846000315098,888,Nodo 2
3,193,0.0012205120001453906,118,Nodo 0
3,194,0.050046997999743326,7005,Nodo 2
3,195,0.08822177999991254,11930,Nodo 0
3,196,0.050182419999600825,6778,Nodo 3
3,197,0.006555400999786798,886,Nodo 0
3,198,0.01148915300018416,1532,Nodo 2
3,199,0.0075296980003258795,1039,Nodo 0
3,200,0.0015483550000681134,201,Nodo 0
3,201,0.04983057999970697,6701,Nodo 1
3,202,0.037249696000344557,4934,Nodo 1
3,203,0.019818544999907317,2684,Nodo 1
3,204,0.0009983580002881354,105,Nodo 3
3,205,0.03229966399976547,4261,Nodo 1
3,206,0.03286079899999095,4372,Nodo 0
3,207,0.01357266700006221,1751,Nodo 0
3,208,0.010218894999979966,1329,Nodo 3
3,209,0.0023050019999573124,270,Nodo 1
3,210,0.006780210999750125,833,Nodo 2
3,211,0.034494831999836606,4551,Nodo 0
3,212,0.0014934490000086953,180,Nodo 3
3,213,0.014262257000154932,1728,Nodo 1
3,214,0.0056650480000826064,700,Nodo 2
3,215,0.035304972999711026,4540,Nodo 3
3,216,0.0018114589997821895,224,Nodo 2
3,217,0.14014304500005892,18101,Nodo 0
3,218,0.03500361599981261,4594,Nodo 2
3,219,0.07612952399995265,10058,Nodo 2
3,220,0.171373795999898,22346,Nodo 1
3,221,0.0462162389999321,5463,Nodo 3
3,222,0.023701103999883344,3184,Nodo 0
3,223,0.054398126999785745,6961,Nodo 2
3,224,0.005596019000222441,702,Nodo 3
3,225,0.01517139199995654,1897,Nodo 2
3,226,0.002990396999848599,382,Nodo 2
3,227,0.02395415299997694,3204,Nodo 3
3,228,0.022527081000134785,2923,Nodo 3
3,229,0.010177237999869249,1363,Nodo 3
3,230,0.0314895249998699,4252,Nodo 3
3,231,0.06804917999988902,8985,Nodo 3
3,232,0.015759059000174602,2107,Nodo 2
3,233,0.011478945999897405,1511,Nodo 1
3,234,0.006631714999912219,774,Nodo 3
3,235,0.01717555100003665,2281,Nodo 0
3,236,0.04443580099996325,5753,Nodo 2
3,237,0.01839445399991746,2342,Nodo 3
3,238,0.06312392300014835,7516,Nodo 0
3,239,0.03303073399956702,4443,Nodo 0
3,240,0.000315234000026976,15,Nodo 3
3,241,0.10626723399991533,13021,Nodo 0
3,242,0.06275925099998858,7168,Nodo 0
3,243,0.12790388600024016,14891,Nodo 3
3,244,0.003088893000040116,396,Nodo 0
3,245,0.010961855999994441,1418,Nodo 0
3,246,0.019063808000282734,2563,Nodo 0
3,247,0.018729504000020825,2472,Nodo 1
3,248,0.006315874999927473,801,Nodo 1
3,249,0.1021286059999511,12024,Nodo 0
3,250,0.07620894699994096,9657,Nodo 3
3,251,0.00041904399995473796,20,Nodo 1
3,252,0.07173039999997854,8535,Nodo 1
3,253,0.03989149199969688,4831,Nodo 3
3,254,0.0074834179999925254,928,Nodo 1
3,255,0.06781820099968172,8680,Nodo 3
3,256,0.03523828199968193,4576,Nodo 1
3,257,0.07299466399990706,9226,Nodo 1
3,258,0.057296065999707935,7647,Nodo 0
3,259,0.11234624700000495,14396,Nodo 0
3,260,0.1528150529998129,20107,Nodo 2
3,261,0.004382420000183629,552,Nodo 0
3,262,0.011847185000078753,1615,Nodo 0
3,263,0.021148722000361886,2881,Nodo 1
3,264,0.01966204900008961,2840,Nodo 1
3,265,0.03442192000011346,4320,Nodo 1
3,266,0.040468220000093424,5292,Nodo 0
3,267,0.0056351330003963085,742,Nodo 1
3,268,0.029283610999755183,3941,Nodo 2
3,269,0.2318864079998093,31140,Nodo 2
3,270,0.042082896000010805,5431,Nodo 0
3,271,0.07947425699967425,10616,Nodo 0
3,272,0.020253044000128284,2695,Nodo 2
3,273,0.038877210000009654,5272,Nodo 3
3,274,0.06890575899979012,9001,Nodo 1
3,275,0.007045022000056633,920,Nodo 2
3,276,0.05814192300022114,8048,Nodo 1
3,277,0.018587694999951054,2554,Nodo 2
3,278,0.011715982999703556,1693,Nodo 3
3,279,0.03148696400012341,4116,Nodo 0
3,280,0.028016291999847454,3822,Nodo 0
3,281,0.036470542999722966,4902,Nodo 2
3,282,0.029438450000270677,4002,Nodo 0
3,283,0.025424607999866566,3677,Nodo 1
3,284,0.02436824799997339,3254,Nodo 0
3,285,0.03279577800003608,4111,Nodo 0
3,286,0.031001056999684806,3705,Nodo 0
3,287,0.05652562199975364,7207,Nodo 2
3,288,0.07427112100003797,9244,Nodo 0
3,289,0.0072853570000006584,933,Nodo 1
3,290,0.06386864299975059,8503,Nodo 2
3,291,0.051557852999849274,6942,Nodo 2
3,292,0.00199419399996259,242,Nodo 2
3,293,0.007731090000106633,998,Nodo 1
3,294,0.02990001799980746,3766,Nodo 1
3,295,0.008228170000165846,1017,Nodo 2
3,296,0.013146455999958562,1596,Nodo 0
3,297,0.00442817000021023,559,Nodo 1
3,298,0.05058594799993443,6532,Nodo 1
3,299,0.04143335399976422,5330,Nodo 0
3,300,0.04829867099988405,6234,Nodo 1
4,1,0.8212799459997768,113469,Nodo 2
4,2,0.28497168300009434,38851,Nodo 3
4,3,0.18803391700021166,24940,Nodo 1
4,4,0.5225565579999056,70189,Nodo 1
4,5,0.28105566399972304,38719,Nodo 3
4,6,0.5871347669999523,81336,Nodo 3
4,7,0.8757993240001269,118843,Nodo 2
4,8,0.4198542379999708,60867,Nodo 0
4,9,0.2166637579998678,28779,Nodo 3
4,10,0.7790301340000951,104059,Nodo 0
4,11,0.11125591800009715,14784,Nodo 0
4,12,0.03338540999993711,4485,Nodo 0
4,13,1.6483620580002025,224112,Nodo 3
4,14,0.45418675000018993,59942,Nodo 0
4,15,0.7062206649998188,95828,Nodo 1
4,16,0.5113907560003099,62209,Nodo 0
4,17,0.8572753540001941,114679,Nodo 1
4,18,0.21948565000002418,29537,Nodo 0
4,19,0.26108455900021,33619,Nodo 1
4,20,0.07505795299994134,11265,Nodo 1
4,21,0.4563981370001784,58230,Nodo 1
4,22,0.9543078090000563,128131,Nodo 1
4,23,0.7417245130000083,97952,Nodo 3
4,24,1.0212291809998533,133946,Nodo 2
4,25,0.654287280999597,80124,Nodo 0
4,26,0.6652412640000875,72969,Nodo 0
4,27,0.39778930500006027,45690,Nodo 3
4,28,0.18069514899980277,20677,Nodo 2
4,29,0.3676571780001723,46396,Nodo 3
4,30,1.0062058579997029,134413,Nodo 0
4,31,0.8790100669998537,114767,Nodo 0
4,32,0.2214730440000494,27903,Nodo 1
4,33,1.0556427900000926,137300,Nodo 0
4,34,0.014366496999627998,1853,Nodo 3
4,35,0.7976068899997699,104755,Nodo 3
4,36,0.34723842600033095,44273,Nodo 0
4,37,0.3634008280000671,45229,Nodo 1
4,38,0.5325591850000819,68126,Nodo 0
4,39,0.39664014999971187,47495,Nodo 2
4,40,0.650562065000031,82053,Nodo 2
4,41,1.285445928000172,160838,Nodo 2
4,42,0.16988029000003735,21362,Nodo 2
4,43,0.21085749900021256,26558,Nodo 1
4,44,0.47767290000001594,58371,Nodo 1
4,45,0.1783821019998868,22586,Nodo 3
4,46,0.7189819109999007,88640,Nodo 0
4,47,0.8055013220000546,103525,Nodo 3
4,48,0.2962052359998779,36949,Nodo 3
4,49,0.1962103869996099,26071,Nodo 1
4,50,0.7804583409997576,89711,Nodo 2
4,51,0.4591077290001522,54790,Nodo 1
4,52,0.763091598000301,95686,Nodo 0
4,53,0.34674143799975354,42961,Nodo 1
4,54,0.04883079000001089,6161,Nodo 0
4,55,0.9661403230002179,120231,Nodo 3
4,56,0.09086339099985707,11691,Nodo 2
4,57,0.4031699120000667,51070,Nodo 3
4,58,0.8563004379998347,108245,Nodo 3
4,59,0.2932006490000276,37360,Nodo 3
4,60,0.0900931189999028,11554,Nodo 2
4,61,0.19656883200013908,25036,Nodo 1
4,62,0.6925776920002136,86943,Nodo 3
4,63,0.09305102100006479,12061,Nodo 3
4,64,0.15441488199985542,19974,Nodo 1
4,65,0.762109627999962,91815,Nodo 2
4,66,0.7898896299998341,91275,Nodo 3
4,67,0.6109310550000373,74593,Nodo 2
4,68,1.4774174880003557,189960,Nodo 2
4,69,0.44353617800015854,60282,Nodo 2
4,70,2.8477297320000616,366625,Nodo 2
4,71,0.39596716100004414,53128,Nodo 0
4,72,1.3023009140001705,171858,Nodo 2
4,73,0.012111029999687162,1592,Nodo 1
4,74,0.3501969159997316,45822,Nodo 0
4,75,0.12245481099989775,16400,Nodo 3
4,76,0.08017792600003304,11124,Nodo 2
4,77,0.025514381999983016,3515,Nodo 2
4,78,0.69558570900017,82426,Nodo 1
4,79,0.06681395000032353,7543,Nodo 0
4,80,0.06612654499986093,7470,Nodo 1
4,81,0.25416857399977744,29132,Nodo 2
4,82,0.3810498150000967,46135,Nodo 2
4,83,0.6583295800000997,81446,Nodo 2
4,84,0.3696113759997388,46414,Nodo 2
4,85,2.3310565389997464,294297,Nodo 2
4,86,0.24615145999996457,35291,Nodo 1
4,87,0.45594599799960633,58621,Nodo 3
4,88,0.5779854750003324,77618,Nodo 3
4,89,0.7229853230001027,96844,Nodo 3
4,90,0.14700070299977597,19728,Nodo 2
4,91,0.1012509840002167,14176,Nodo 0
4,92,0.30130834700003106,41379,Nodo 0
4,93,0.5213617609997527,69826,Nodo 0
4,94,0.3130457850002131,42680,Nodo 2
4,95,1.2397563429999536,160402,Nodo 1
4,96,0.22326827200004118,29000,Nodo 1
4,97,0.19623747900004673,26274,Nodo 0
4,98,0.8363574999998491,111041,Nodo 2
4,99,0.0932018890002837,12319,Nodo 2
4,100,0.10258807399986836,13935,Nodo 1
4,101,0.7845081219998065,102654,Nodo 0
4,102,0.2661716460002026,37580,Nodo 0
4,103,0.20853531100010514,30004,Nodo 0
4,104,0.46238008499994976,67483,Nodo 2
4,105,0.41758742000001803,55549,Nodo 3
4,106,1.0628675630000544,140739,Nodo 3
4,107,1.1707669349998469,154411,Nodo 2
4,108,0.9898998879998544,124952,Nodo 0
4,109,0.88754051099977,117824,Nodo 3
4,110,0.5813600910000787,76113,Nodo 1
4,111,0.3999811200001204,53322,Nodo 1
4,112,0.5381354900000588,74183,Nodo 3
4,113,0.03490130699992733,4995,Nodo 2
4,114,0.6747669589999532,96291,Nodo 2
4,115,0.14113453699974343,19560,Nodo 1
4,116,1.5959029050000026,208128,Nodo 1
4,117,0.0673732199998085,8008,Nodo 2
4,118,0.20526674100028686,25886,Nodo 2
4,119,0.4332799599997088,54762,Nodo 0
4,120,0.07043505199999345,9436,Nodo 2
4,121,0.19369784899981823,24980,Nodo 1
4,122,2.5810252920000494,330982,Nodo 0
4,123,0.42732804200022656,55196,Nodo 3
4,124,0.1251274870000998,16608,Nodo 2
4,125,0.39728993300013826,50690,Nodo 2
4,126,0.11878594399968279,14830,Nodo 2
4,127,0.17023538100011137,22127,Nodo 2
4,128,0.5755882900002689,74654,Nodo 3
4,129,0.3628065590000915,48571,Nodo 2
4,130,0.575783802999922,75563,Nodo 2
4,131,0.1717141949998222,21964,Nodo 0
4,132,0.4388695449997613,58164,Nodo 0
4,133,0.418526330000077,52962,Nodo 2
4,134,0.518518653999763,69088,Nodo 1
4,135,0.28784699600009844,37190,Nodo 1
4,136,0.367219705000025,47198,Nodo 1
4,137,0.05960350200030007,8200,Nodo 0
4,138,0.2293342240000129,29490,Nodo 1
4,139,0.13201009600015823,15000,Nodo 3
4,140,0.9660622609999336,128919,Nodo 2
4,141,1.7958057880000524,223660,Nodo 0
4,142,0.05382225300036225,7075,Nodo 0
4,143,1.6957528309999361,208100,Nodo 0
4,144,0.0008368540002265945,83,Nodo 1
4,145,0.11941237900009583,15621,Nodo 0
4,146,1.671144798000114,213520,Nodo 1
4,147,0.3062110119999488,39977,Nodo 1
4,148,0.6790782429998217,84578,Nodo 1
4,149,0.2998920159998306,39877,Nodo 1
4,150,0.31024463099993227,40393,Nodo 2
4,151,2.1269266389999757,269056,Nodo 1
4,152,0.6332625700001699,86788,Nodo 1
4,153,0.8648797700002433,110559,Nodo 2
4,154,0.7055451289998018,89443,Nodo 3
4,155,0.8739856590000272,110977,Nodo 3
4,156,0.0006430510002246592,54,Nodo 2
4,157,1.0264095649999945,133311,Nodo 2
4,158,0.3399169100002837,42760,Nodo 0
4,159,0.17752131199995347,22623,Nodo 3
4,160,0.07650005200002852,9810,Nodo 0
4,161,0.20371522899995398,26764,Nodo 2
4,162,0.5164043999998285,67372,Nodo 2
4,163,0.5749708529997406,74670,Nodo 0
4,164,0.7104591810002603,88226,Nodo 1
4,165,0.2926178190000428,38351,Nodo 3
4,166,0.08329553800012945,10676,Nodo 0
4,167,0.2562956619999568,31681,Nodo 0
4,168,0.1570114190003551,19427,Nodo 1
4,169,0.5753911030001291,66438,Nodo 0
4,170,0.9224224210001921,119198,Nodo 0
4,171,0.028581878999830224,3549,Nodo 3
4,172,0.7896758040001259,100062,Nodo 2
4,173,0.07504710100010925,10203,Nodo 1
4,174,0.04975971699968795,6847,Nodo 2
4,175,0.40805564399988725,55294,Nodo 3
4,176,0.45354162300009193,61535,Nodo 0
4,177,0.49028283500001635,60165,Nodo 3
4,178,0.4196885139999722,52655,Nodo 1
4,179,0.10535918899995522,14441,Nodo 1
4,180,0.36578172000008635,47918,Nodo 0
4,181,0.3725777519998701,48277,Nodo 1
4,182,0.38353283199967336,51592,Nodo 0
4,183,0.05053183900008662,6859,Nodo 3
4,184,1.4341013970001768,180104,Nodo 3
4,185,0.303438190000179,34141,Nodo 0
4,186,0.4237162309996165,54607,Nodo 0
4,187,0.45154501200022423,61668,Nodo 0
4,188,0.07562349399995583,10641,Nodo 1
4,189,0.29118330300025264,38937,Nodo 0
4,190,0.8201219669999773,105590,Nodo 2
4,191,0.15727590300002703,19628,Nodo 2
4,192,1.1839550750000853,162197,Nodo 2
4,193,0.04556730099966444,5250,Nodo 0
4,194,0.2733748320001723,35845,Nodo 0
4,195,1.86538387399969,245447,Nodo 1
4,196,0.41692516900002374,54404,Nodo 3
4,197,0.28169322699977783,32572,Nodo 3
4,198,0.1095919210001739,14265,Nodo 1
4,199,2.434874246999698,299070,Nodo 3
4,200,1.5221964269999262,196509,Nodo 1
5,1,20.134214366999913,2631028,Nodo 2
5,2,1.7303598359999341,225338,Nodo 1
5,3,22.000018763999833,2809367,Nodo 1
5,4,0.5725259739997455,70439,Nodo 1
5,5,14.909529108000243,1800083,Nodo 0
5,6,3.7018669650001357,460961,Nodo 0
5,7,0.17010791600023367,22943,Nodo 0
5,8,6.912580711000373,880178,Nodo 0
5,9,1.7876460170000428,232983,Nodo 1
5,10,0.6627274059997035,85658,Nodo 1
5,11,41.363607684999806,5194032,Nodo 1
5,12,0.10709921099987696,13452,Nodo 0
5,13,3.7616081339997436,474176,Nodo 2
5,14,5.137374251999972,677820,Nodo 2
5,15,32.6048081429999,4211136,Nodo 0
5,16,0.8475723910000852,103469,Nodo 2
5,17,4.835969827000099,624518,Nodo 2
5,18,2.5693598039997596,345272,Nodo 2
5,19,12.270820017000005,1581294,Nodo 1
5,20,5.084822079999867,632679,Nodo 3
5,21,16.01632288999963,1999578,Nodo 3
5,22,17.666782029999922,2241509,Nodo 0
5,23,17.786997908000103,2258270,Nodo 1
5,24,12.831513384000118,1684406,Nodo 3
5,25,24.305526481000015,3157540,Nodo 1
5,26,0.16794564600013473,22443,Nodo 1
5,27,13.746603359999881,1782216,Nodo 3
5,28,10.012612106000233,1335389,Nodo 0
5,29,0.014288651999777358,2000,Nodo 1
5,30,10.595309955000175,1351363,Nodo 2
5,31,2.6902232430002186,347469,Nodo 2
5,32,3.033751822999875,398625,Nodo 2
5,33,8.324192562000007,1098992,Nodo 0
5,34,1.1395048099998348,142081,Nodo 0
5,35,16.804755896000188,2115860,Nodo 3
5,36,13.436252146999777,1798883,Nodo 3
5,37,2.677147261999835,373637,Nodo 2
5,38,6.691566580999734,857883,Nodo 0
5,39,17.016505248000158,2215501,Nodo 1
5,40,2.2105783750002956,281602,Nodo 1
5,41,11.415802646999964,1425602,Nodo 3
5,42,1.532910721999997,189879,Nodo 1
5,43,4.060821360000318,521797,Nodo 0
5,44,6.897097278999809,876891,Nodo 0
5,45,10.43578337200006,1373419,Nodo 2
5,46,4.4057331330000125,583312,Nodo 0
5,47,0.8776907249998658,107512,Nodo 2
5,48,2.5226204559999132,351856,Nodo 3
5,49,4.981904028999907,674263,Nodo 2
5,50,0.3758054580002863,45427,Nodo 2
5,51,26.668097452999973,3467451,Nodo 2
5,52,1.2213532819996544,155009,Nodo 0
5,53,8.069110424999963,1042648,Nodo 2
5,54,9.208671490000143,1239126,Nodo 1
5,55,21.90270902300017,2892506,Nodo 2
5,56,10.841852001000007,1461782,Nodo 2
5,57,0.331873867000013,45226,Nodo 3
5,58,4.982460997999624,635056,Nodo 0
5,59,8.96858748800014,1183352,Nodo 1
5,60,13.63637550500016,1588776,Nodo 2
